author,comments,content,date,ip,score,title,url
ubcs,,"





╭─────────────────────────────────────╮
│ 本板為PTT八卦板，文章、推文及板務處理原則均依循中華民國法律、站規規範發　│
│ 文者，不得因不知相關板規而免卻責任。                                     │
╰─────────────────────────────────────╯

",2022-02-21 23:04:30,59.120.192.119 (臺灣),0,[公告] 八卦板板規(2022.02.21),https://www.ptt.cc/bbs/Gossiping/M.1645455874.A.65E.html
gk1329,,"
肥宅我朋友喇
過敏
跑去醫院驗
結果一驗不得了
過敏一堆


",2022-05-31 10:29:21,110.26.164.179 (臺灣),0,[問卦] 過敏這麼多正常嗎,https://www.ptt.cc/bbs/Gossiping/M.1653964164.A.731.html
stevenwg,"[{'user': 'ubcs', 'content': ': 高調 置底', 'score': 1}, {'user': 'achun1212', 'content': ': 尬車？', 'score': 1}, {'user': 'SydLrio', 'content': ': 雙B內鬥', 'score': 1}, {'user': 'poasdm', 'content': ': 高調', 'score': 1}, {'user': 'CloserJ', 'content': ': 綠共剩騎士 滾遠一點好嗎?', 'score': 1}, {'user': 'RyanMulderII', 'content': ': 幫高調', 'score': 1}, {'user': 'kutkin', 'content': ': 無言', 'score': 0}, {'user': 'tgv', 'content': ': 高調', 'score': 1}, {'user': 'tripleleft', 'content': ': 高', 'score': 0}, {'user': 'allnike', 'content': ': 高調', 'score': 1}, {'user': 'xup6y3', 'content': ': 高調', 'score': 1}, {'user': 'chiahuiele', 'content': ': 幫高調', 'score': 1}, {'user': 'silent328kn', 'content': ': 高調', 'score': 1}, {'user': 'silent328kn', 'content': ': 高調', 'score': 1}, {'user': 'silent328kn', 'content': ': 高調', 'score': 1}, {'user': 'harukay08', 'content': ': 高調', 'score': 1}, {'user': 's8402019', 'content': ': 高調', 'score': 1}, {'user': 'silent328kn', 'content': ': 高調', 'score': 1}, {'user': 'a1032123a', 'content': ': 是ㄦㄔㄤㄕ喔啊', 'score': 1}, {'user': 'jetalpha', 'content': ': 高調', 'score': 1}]","
代發

5/24 台64五股閘道口發生嚴重車禍，但是沒有監視器。

請求有經過的好心人，可以提供當時行車紀錄器，謝謝。

麻煩聯絡： 0981-860-086 林小姐

新聞連結：",2022-05-25 15:52:39,211.22.20.92 (臺灣),18,[協尋] 5/24 台64五股閘道口嚴重車禍 行車記錄器,https://www.ptt.cc/bbs/Gossiping/M.1653465161.A.692.html
devidevi,,"
",2022-05-31 10:30:00,27.247.137.203 (臺灣),0,Re: [新聞] 民進黨奪回北市有望？高嘉瑜揭「2關鍵」,https://www.ptt.cc/bbs/Gossiping/M.1653964204.A.3F3.html
llgod,,"

就是說啊

人家說南部壁虎很會叫

我家小虎也跟我快半年了，很努力吃螞蟻

最近他好幾天都沒聲音

是不是確診了喉嚨痛？


",2022-05-31 10:29:44,223.139.249.67 (臺灣),0,[問卦] 小虎最近不會叫,https://www.ptt.cc/bbs/Gossiping/M.1653964187.A.07D.html
champagnechu,"[{'user': 'Racing5566', 'content': ': 員林交通超亂 幫推', 'score': 1}, {'user': 'leaveleft', 'content': ': 應該要置頂', 'score': 1}, {'user': 'poasdm', 'content': ': 高調', 'score': 1}, {'user': 'OyAlbert', 'content': ': 幫高調，祝平安', 'score': 1}, {'user': 'cec9069', 'content': ': 員林耶', 'score': 1}, {'user': 'jameshcm', 'content': ': 這個，已經沒用了', 'score': 0}, {'user': 's8402019', 'content': ': 高調', 'score': 1}, {'user': 'zzff92', 'content': ': 員林交通在全台絕對不算亂的', 'score': 0}, {'user': 'saltchita', 'content': ': 高調', 'score': -1}, {'user': 'jetalpha', 'content': ': 高調', 'score': 1}]","
請大家幫忙

5/18 晚上九點左右 行經彰化員林 三民街及博愛路交叉口

舅舅出車禍 目前在加護病房

如果有人拍攝到當時車禍的影片，拜託站內信提供給我

好人有好報，感恩!!

--
",2022-05-20 10:36:04,36.225.136.12 (臺灣),6,[協尋] 5/18 彰化員林行車紀錄器,https://www.ptt.cc/bbs/Gossiping/M.1653014166.A.557.html
fluffygreen,"[{'user': 'sam7k9621', 'content': ': 高調', 'score': 1}, {'user': 'JUNU', 'content': ': 推，希望能找到行車記錄器', 'score': 1}, {'user': 'tgv', 'content': ': 高調', 'score': 1}]","
車禍急需行車紀錄器，需要各位幫忙

111年5月30日
事故時間：早上08:50-09:00
地點：興隆路四段與木柵路二段交叉口

跪求經過的好心人，
可以提供當時有拍到過程的行車紀錄器，
感激不盡！

電話聯絡：0983360407 柯先生

",2022-05-31 00:37:41,123.192.232.72 (臺灣),3,5/30行車記錄器 興隆路四段與木柵路二段交叉口,https://www.ptt.cc/bbs/Gossiping/M.1653928663.A.6CA.html
Dontco,,"
這個黨整天想選舉

我就想知道台灣解封了嗎

不認真讓台灣跟上國際趨勢

結果跑去發新聞說什麼不派阿中等於承認防疫失敗

還派8000含稅房東出來放話

可不可以先把疫情搞定在想選舉啊

整天一堆魔人在那邊情緒勒索

有夠煩= =





--
",2022-05-31 10:28:28,172.58.25.225 (美國),0,Re: [新聞] 民進黨奪回北市有望？高嘉瑜揭「2關,https://www.ptt.cc/bbs/Gossiping/M.1653964111.A.21F.html
ghghfftjack,,"
",2022-05-31 10:28:00,39.9.139.56 (臺灣),0,Re: [新聞] 差500米！柯P嗆兒童疫苗接種站「白痴」,https://www.ptt.cc/bbs/Gossiping/M.1653964084.A.DC3.html
tyrande,,"
洗碗機，幾年前 請人做我的廚房櫃的時候 騷屁股 以為很炫

有順便安裝一台

怎麼洗

兩包洗碗粉 還什麼的，從入口到下去

油膩 髒碗盤放架子上

上面有水柱 在那邊迴旋撒下去

像澆花一樣

拿出來 還是洗不乾淨 有點油油的

最後還是用海綿去嚕 比較安心一點

我是覺得 多一個空間 寧可裝烘碗機 也不要安裝洗碗機

浪費錢

--
",2022-05-31 10:27:41,114.24.81.78 (臺灣),0,Re: [問卦] 洗碗機是必備家電嗎？,https://www.ptt.cc/bbs/Gossiping/M.1653964067.A.930.html
zo6al,,"
因為最近要換新工作
剛才我去醫院做一般勞工健檢

剛才護理師小姐量完說我的血壓偏高...
我看數值是 135/85
的確是有點偏高...

請問我現在應該怎麼辦？

--
",2022-05-31 10:27:34,111.82.65.108 (臺灣),0,[問卦] 才32歲就血壓偏高怎麼辦？,https://www.ptt.cc/bbs/Gossiping/M.1653964056.A.5B2.html
Alaba,,"

網軍有很多種，有的一下就被看破手腳
例如督歌之流

有的雖然言之鑿鑿，乍看之下好像很有道理，但是被戳破之後甚至淪為反串範本的「幹怎麼可能」
例如卡申

也有比較高級，隱居幕後。
如果不是自爆根本不會被抖出來的，例如秉叔

那有沒有最高級網軍的八卦呀？
-----
Sent from JPTT on my iPhone

--
",2022-05-31 10:26:59,223.136.54.25 (臺灣),0,[問卦] 最高級的網軍是那種等級？,https://www.ptt.cc/bbs/Gossiping/M.1653964023.A.31F.html
MatheFuck,"[{'user': 'saiastom', 'content': ':我也有乾弟，不過只是他曾經在我人生低潮的時候對我伸出', 'score': 1}, {'user': 'a258558', 'content': ':肉棒', 'score': 0}]","

麥香魚本身就夠噁心了，
剛剛去麥當勞買早餐看到，
今天開始早餐也有麥香魚，
甚至還推出雙層麥香魚，
誰會花89元去買那麼噁心的雙層麥香魚啦？？？
麥當勞最難吃的漢堡欸……

有沒有這方面的八卦？

--
",2022-05-31 10:27:40,42.72.89.168 (臺灣),1,[問卦] 嘔嘔嘔！誰會想買雙層麥香魚啦！,https://www.ptt.cc/bbs/Gossiping/M.1653964067.A.B69.html
JRanDer,,"


一上工就想睡覺

很難專注看完一部A片

記憶力下降 忘記昨天看過那些片片

常常詞不達意

想說的話 都用__來代替

感覺怎麼睡都睡不飽



本魯這樣已經持續十幾年了

這樣算是腦霧嗎？

995


--
",2022-05-31 10:26:02,220.132.117.105 (臺灣),0,[問卦] 我這樣算腦霧嗎？,https://www.ptt.cc/bbs/Gossiping/M.1653963964.A.860.html
plutox,,"
大家嚎。

這個哆啦A夢的糖果，
長得好奇怪.....
",2022-05-31 10:25:05,42.73.125.67 (臺灣),0,[問卦] 哆啦A夢糖果長得好奇怪？,https://www.ptt.cc/bbs/Gossiping/M.1653963907.A.383.html
chugliang,,"
基本上這個思維對政黨來說是沒錯的阿。

他們要的不就是永久執政?

能不斷成功執政不就是正確路線??

他哪管理每個人要的是什麼，

大部分會投它們的人還不是利益一致，
(不管是理念、財富利益或是權力/權利保障)

所以除非痛定思痛選擇不一樣的人，

這政黨才可能改變路線，

否則你罵萬年，只要他繼續執政，

就不可能改變。

--
",2022-05-31 10:24:18,125.228.238.102 (臺灣),0,Re: [新聞] 英系：陳時中不選 等同防疫失敗,https://www.ptt.cc/bbs/Gossiping/M.1653963860.A.EEE.html
andyann,,"
",2022-05-31 10:23:33,203.69.130.80 (臺灣),0,Re: [新聞] 空軍AT-3教練機飛行員殉職 蔡總統：徹底,https://www.ptt.cc/bbs/Gossiping/M.1653963815.A.FCE.html
weshiao,,"

",2022-05-31 10:23:04,203.68.31.3 (臺灣),0,[問卦] 嚴打內容農場也要管管農場標題吧?,https://www.ptt.cc/bbs/Gossiping/M.1653963787.A.87F.html
inglee,,"

1.媒體來源:
ETtoday新聞雲

2.記者署名:
蘇晏男

3.完整新聞標題:
蔡炳坤確診6天社交APP才通知！諷怎不早說？　網：晚了我們就不要了

4.完整新聞內文:

",2022-05-31 10:22:25,114.46.83.134 (臺灣),0,[新聞] 蔡炳坤確診6天社交APP才通知！諷怎不早說？　網：晚了我們就,https://www.ptt.cc/bbs/Gossiping/M.1653963748.A.6E0.html
Ehnes,,"
1.媒體來源:三立


2.記者署名:許皓婷


3.完整新聞標題:
民進黨奪回北市有望？高嘉瑜揭「2關鍵」：",2022-05-31 10:22:08,223.137.132.151 (臺灣),0,[新聞] 民進黨奪回北市有望？高嘉瑜揭「2關鍵」,https://www.ptt.cc/bbs/Gossiping/M.1653963730.A.D2F.html
dean1990,,"
如標題。

現在很多新房子，

洗碗機已成標配。

不過，

本魯還停留在以前洗碗機味道很噁的階段，

遲遲沒有規劃入手。

不知道，

對於各位30cm/G奶+年薪300萬的大大而言，

洗碗機是家中標配嗎？

可以用來洗嬰兒奶瓶嗎？

有沒有八卦？

--
",2022-05-31 10:22:04,61.230.39.138 (臺灣),0,[問卦] 洗碗機是必備家電嗎？,https://www.ptt.cc/bbs/Gossiping/M.1653963726.A.123.html
member7023,"[{'user': 'hero613', 'content': ': 明天党部報到', 'score': 1}, {'user': 'neoa01', 'content': ': 不會被責任都推給阿共就好了嗎', 'score': 1}, {'user': 'driver0811', 'content': ': 98分，沒有提到造謠扣2分', 'score': 0}]","
反串要註明

光頭版
--------------------------
我想  今天發生這樣的飛安事故

不管是同袍 家人 以及國人 都感到痛心 不捨

身為保家衛國的軍人 我們也都十分的尊敬

在中國近年來不斷的干擾我們的海峽中線

除了保衛國土以外  飛行安全

也是政府重視的一部分

蔡總統已經下令  指示國軍務必提供協助

也要好好地釐清事故原因 對於發生這種事

我想沒有人樂見

有需要改革的地方

我們一定會去做

至於有部分黨派開始利用事件

抨擊政府的改革決心

那倒是沒有必要 與其要噴政治口水

倒不如好好地請鍋民黨向對岸呼籲

不要再侵犯我國領空 近年來的飛安事故

跟共雞販台有直接的關係

這是郭民黨當前要先解決的議題 謝謝大家

--
",2022-05-31 10:20:49,223.137.248.235 (臺灣),2,Re: [新聞] 快訊／徐大鈞飛官殉職　蔡英文：深感哀慟,https://www.ptt.cc/bbs/Gossiping/M.1653963651.A.885.html
ypyp,,"
這幾年下來已經殉職好多飛官了
飛官養成又昂貴又困難，為什麼摔得這麼頻繁？

是維修保養的問題嗎？
缺原廠零件替換嗎？
導航系統有問題嗎？
駕駛員操作有誤嗎？

每次都慟完就沒了。甚至連事故原因調查都不了了之

過陣子又摔。

飛官的命這麼賤的嗎？難道我們空軍其實只想訓練神風特攻隊？

有沒有八卦？

--

      ▽×Ｅ＝－δＢ／δｔ         ∮Ｅ‧ｄｌ＝－δ（∫Ｂ‧ｄｓ）／δｔ
      ▽×Ｈ＝Ｊ＋δＤ／δｔ       ∮Ｈ‧ｄｌ＝Ｉ＋δ（∫Ｄ‧ｄｓ）／δｔ
      ▽‧Ｄ＝ρ                   ∮Ｄ‧ｄｓ＝Ｑ
      ▽‧Ｂ＝０                   ∮Ｂ‧ｄｓ＝０

--
",2022-05-31 10:21:45,140.112.3.8 (臺灣),0,[問卦] 為什麼我國空軍飛機一直摔？,https://www.ptt.cc/bbs/Gossiping/M.1653963710.A.9E1.html
COCOCCC,"[{'user': 'eatyourshit', 'content': ': 綠能你不能 包含造謠跟造神', 'score': 1}, {'user': 'CMPunk', 'content': ': 不就沒有補染頭髮而已 他這個年紀本來就', 'score': 1}, {'user': 'CMPunk', 'content': ': 是白髮了', 'score': 0}, {'user': 'Gossiking', 'content': ': ', 'score': 1}]","
",2022-05-31 10:20:59,211.23.144.81 (臺灣),3,Re: [新聞] 拚防疫2年半「頭髮從黑到白」！陳時中吐,https://www.ptt.cc/bbs/Gossiping/M.1653963661.A.4C6.html
paulispig,"[{'user': 'fenix220', 'content': ': 滯台支那人跪迎王師', 'score': 1}, {'user': 'DOOT', 'content': ': 狼狽飛回中國(?)', 'score': 1}, {'user': 'SilentBob', 'content': ': 大內宣部門高興就好了', 'score': 1}, {'user': 'STi2011', 'content': ': 哇 好強喔', 'score': 0}, {'user': 'ghghfftjack', 'content': ': 1樓看到大內宣 心裡舒暢多了', 'score': 1}, {'user': 'chigo520', 'content': ': 要是馬19年代大概又說被欺負到頭上和', 'score': 0}, {'user': 'q34355997', 'content': ': 看標題還以為飛機失事的是解放軍', 'score': 1}, {'user': 'Fino5566', 'content': ': 飛官殉職換對面狼狽飛回去 賺', 'score': 1}, {'user': 'cchsiao', 'content': ': 狼狽？', 'score': 0}, {'user': 'q34355997', 'content': ': 結果台灣掉個不停還是要大內宣', 'score': 0}, {'user': 'Alphaz', 'content': ': 晃一晃台灣就掉飛機…真不知道那邊比較狼', 'score': 1}, {'user': 'Alphaz', 'content': ': 狽', 'score': 0}, {'user': 'omoideomoi', 'content': ': 繞完即將返場(X)  狼狽返回中國(O)', 'score': 0}, {'user': 'sagarain', 'content': ': 想來看參議員吧', 'score': 0}, {'user': 'jma306', 'content': ':   真的很會自慰', 'score': 0}, {'user': 'magiteemo', 'content': ': 狼狽是多狼狽 被擊落了很多是嗎？還是', 'score': -1}, {'user': 'magiteemo', 'content': ': 廣播勸離就是狼狽？腦殘黨媒', 'score': 0}, {'user': 'jma306', 'content': ':  船可以下錨 飛機飛到沒油就要回家', 'score': 0}, {'user': 's410294', 'content': ': 這叫精神勝利法嗎？', 'score': 1}, {'user': 'action426', 'content': ': 標題自慰 內文zzz..', 'score': 0}, {'user': 'athome1', 'content': ': 狼狽飛回中？標題太振奮人心了 建議下次', 'score': 1}, {'user': 'Newtype', 'content': ': 共機狼狽回家 EE參加公祭', 'score': 0}, {'user': 'analyzer', 'content': ': 有開火嗎？沒有怎麼會狼狽？', 'score': 0}, {'user': 'athome1', 'content': ': 可以用逃竄 低頭 落荒而逃 潰敗飛回中', 'score': 0}, {'user': 'curlymonkey', 'content': ': 狼狽xddddd', 'score': 1}, {'user': 'bigboy789', 'content': ': 然後自己的飛行員各種摔死', 'score': -1}, {'user': 'SilentBob', 'content': ': 衰尾菜參加公祭的時候拿這篇去給家屬看', 'score': 1}, {'user': 'SilentBob', 'content': ': 不知道會不會獲得滿堂喝采', 'score': 0}, {'user': 'qwert810', 'content': ': 反觀早上摔機新聞 我們也滿狼狽的', 'score': -1}, {'user': 'crazydj', 'content': ': 覺青817綠共看這篇都高潮噴汁了', 'score': 0}, {'user': 'k1k1832002', 'content': ': 越來越有中國央視的味道了', 'score': 1}, {'user': 'bluewolf', 'content': ': 狼狽在哪？這不算假新聞？', 'score': 0}, {'user': 'TheBeast', 'content': ': 新頭殼絕對是史上最公正的新聞', 'score': 0}, {'user': 'megalink', 'content': ': 還真狼狽人家沒掉戰機台灣掉幾架了', 'score': -1}, {'user': 'member7023', 'content': ': 靠北他不飛回去不然勒', 'score': -1}]","
30架共機擾西南ADIZ！數量達今年第2 全遭我空軍驅離狼狽飛回中國

新頭殼newtalk  張柏源 綜合報導

中國近年加強對台軍事威脅，頻繁派出軍機、軍艦擾台，加劇兩岸緊張情勢，引發國際社會
關切，更加深台灣民眾對中共當局的厭惡。空軍司令部今（30）天晚上發布共機動態，今天
總計有多達30架次各型共機侵擾台灣西南防空識別區（ADIZ），為今年數量第2多。

空軍晚間發布的共機動態指出，今天有30架共機侵擾台灣西南ADIZ，其中包括2架空警500預
警機、4架運8電偵機、1架運8遠干機、1架運8反潛機、6架殲16戰機、8架殲11戰機、4架殲1
0戰機、2架蘇愷35戰機、2架蘇愷30戰機；我空軍派遣空中巡邏兵力應對、廣播驅離、防空
飛彈追蹤監控。

根據國防部統計，110年10月1日共38架次共機擾台；同年10月2日39架次、10月3日16架次，
10月4日更高達56架次，這也是國防部自公布即時軍事動態以來架次最多的一次；另外，今
年1月23日有39架次共機擾台，是今年以來數量最多一次，今天的30架次則是今年數量第2多
。

從軍方公布的活動示意圖可見，今天所有共機的飛航路線無一例外、全數集中在我ADIZ的西
南角，也就是台灣本土和東沙島之間。民間航跡追蹤網站「台灣西南空域」側錄發現，共機
今天一早就多番入侵ADIZ挑釁，我空軍從清晨6點16分開始到中午11點27分期間就留下18次
廣播驅離記錄。

",2022-05-31 10:19:14,101.10.59.113 (臺灣),7,[新聞] 30架共機擾西南ADIZ！數量達今年第2 全,https://www.ptt.cc/bbs/Gossiping/M.1653963557.A.55F.html
n9n9n9n9n91,,"
很多人對於pr的定義不清楚

直接看會考網站給的定義

",2022-05-31 10:21:29,203.211.78.18 (紐西蘭),0,Re: [問卦] 台灣女多於男，為何急著求偶的是男性？,https://www.ptt.cc/bbs/Gossiping/M.1653963691.A.2EF.html
blueskymaple,"[{'user': 'frommr', 'content': ': 地址ㄋ，沒地址我要怎麼ㄑ', 'score': 0}, {'user': 'PanaS0Nic', 'content': ': 514則評論平均2.9星...', 'score': 0}, {'user': 'SSglamr', 'content': ': 板上日文肥宅一堆 用三小機翻 看不起人R', 'score': -1}, {'user': 'zxc2331189', 'content': ': 給懶人包好嗎', 'score': -1}, {'user': 'PanaS0Nic', 'content': ': 原來是昨天上某討論區的', 'score': 0}, {'user': 'STi2011', 'content': ': 好感度預測 70%？', 'score': 0}, {'user': 'em4', 'content': ': ', 'score': 0}, {'user': 'weeklyquiz', 'content': ': 哪家啊', 'score': 1}, {'user': 'jimhall', 'content': ': 現在醬油沒那麼重鹹', 'score': 1}]","
本魯在看端午要吃什麼好啦
結果看到這家店的名字也太酷惹ㄅ
",2022-05-31 10:18:01,223.136.93.127 (臺灣),0,[問卦] 醬油發霉屋的八卦？,https://www.ptt.cc/bbs/Gossiping/M.1653963483.A.EDD.html
freshbud,,"
pixiv好像正在出事中

跟LGBTQ相關的

跨性別性騷擾

很多大手響應拒用

有沒有很多大手都走了的八卦

--
",2022-05-31 10:19:01,27.51.136.69 (臺灣),0,[問卦] 很多大手都走了,https://www.ptt.cc/bbs/Gossiping/M.1653963543.A.A04.html
G2S,"[{'user': 'frommr', 'content': ': 樓下肛門任甲甲公審', 'score': 0}, {'user': 'tobin2005', 'content': ': 個人頁面你要告啥……而且被發出來，', 'score': 0}, {'user': 'tobin2005', 'content': ': 大概是價格脫離市場行情太多導致被覺', 'score': 0}, {'user': 'tobin2005', 'content': ': 得來鬧的吧', 'score': 0}, {'user': 'theknight', 'content': ': 200萬4支', 'score': 0}, {'user': 'jasfish', 'content': ': 看起來是你同事做了一些讓人無法理解事', 'score': 0}, {'user': 'jasfish', 'content': ': 你同事也覺得丟臉吧，才會在生氣', 'score': 0}, {'user': 'jasfish', 'content': ': 因果關係要先理解，不如說說統包發了甚麼', 'score': 0}, {'user': 'jasfish', 'content': ': 內容，再來討論有沒有公審吧', 'score': 0}, {'user': 'jasfish', 'content': ': 怎麼跟郭先生的狀況有點像，台灣不是', 'score': 0}, {'user': 'jasfish', 'content': ': 言論自由嗎?如果涉及毀謗，你同事也可以', 'score': 0}, {'user': 'jasfish', 'content': ': 走法律途徑不是，如果沒有只是單純生氣..', 'score': 0}]","
同事最近找統包裝潢

結果價格沒談好就被統包Po FB公審

雖然只是在個人頁面發文

但同事得知實在超不爽

認為公審客戶實在很沒道德

有問題直接走法律途徑即可

統包這樣行為是不是同業都看在眼裡？



--
",2022-05-31 10:18:08,42.77.17.207 (臺灣),0,[問卦] 會公審業主嗎？,https://www.ptt.cc/bbs/Gossiping/M.1653963490.A.3B3.html
cesped866,"[{'user': 'StarRiver', 'content': ': 母豬6年就超越馬8年了', 'score': 1}, {'user': 'smallwenwen', 'content': ': 差很多吧 參謀總長欸！', 'score': 1}, {'user': 'iam0718', 'content': ': 參謀總長表示', 'score': 1}, {'user': 'theknight', 'content': ': 比掉下來的星星數試試', 'score': 0}, {'user': 'Fino5566', 'content': ': 2022 的上半年', 'score': 0}, {'user': 'Fino5566', 'content': ': 我看條目先想到今年比較平安 才想到只', 'score': 0}, {'user': 'Fino5566', 'content': ': 過一半', 'score': 0}]","
其實去查一下，馬英九時期跟小英時期，

國軍重大事故出事次數是差不多啦，

只是現在才2022….嗯

只能說，希望接下來不要再惋惜了…

（取自維基百科）

",2022-05-31 10:17:50,114.32.14.143 (臺灣),3,Re: [新聞] 快訊／徐大鈞飛官殉職　蔡英文：深感哀慟,https://www.ptt.cc/bbs/Gossiping/M.1653963473.A.74F.html
werqq,"[{'user': 'frommr', 'content': ': 拜託，那邊肆用乃開夜市ㄉ豪ㄇ！', 'score': 0}, {'user': 'LiveInNow', 'content': ': 贊成阿 打過高端很強了不怕', 'score': 1}, {'user': 's505015', 'content': ': 你不是在台北齁', 'score': 1}, {'user': 'REMEMBERYAU', 'content': ': 叫什麼叫 有300嗎', 'score': 1}, {'user': 'omoideomoi', 'content': ': 這樣總統會聽到人民拍桌  很不方便', 'score': 0}, {'user': 'shadowdio', 'content': ': 病毒飄進去怎麼辦', 'score': 1}, {'user': 'action426', 'content': ': 丁丁才幹過人的地方', 'score': 1}]","
",2022-05-31 10:16:04,223.137.189.248 (臺灣),5,[問卦] 篩檢站為何不移到這裡？,https://www.ptt.cc/bbs/Gossiping/M.1653963366.A.19A.html
ffdqfe,"[{'user': 'frommr', 'content': ': 157豪久沒看到惹', 'score': 1}, {'user': 'nik351235', 'content': ': 應該是同一人巴', 'score': 1}, {'user': 'leoqqqoel', 'content': ': 整個八掛版會勃起很久', 'score': 1}, {'user': 'ALOVET', 'content': ': 昨天157有復出', 'score': 1}, {'user': 'k385476916', 'content': ': 誰贏不重要', 'score': -1}, {'user': 'kcclasaki', 'content': ': 我會選擇惡魔旅館。157真的太可怕', 'score': 1}, {'user': 'sunnyyoung', 'content': ': 157還有可愛動物圖 很難躲', 'score': 1}, {'user': 'Healine', 'content': ': 157偶爾會有可愛的動物系列', 'score': 1}, {'user': 'weeklyquiz', 'content': ': 不會怎樣 自以為發噁圖很了不起嗎', 'score': -1}, {'user': 'cubegaga', 'content': ': 157最近剛復活', 'score': 1}, {'user': 'Isveia', 'content': ': 不，惡魔旅館比較可怕，他運用各種方式讓', 'score': 1}, {'user': 'hitomi47', 'content': ': 兩個一起治理八卦不好嗎', 'score': 1}, {'user': 'aggressorX', 'content': ': 157的圖比較多元 還有植物系列', 'score': 1}, {'user': 'Isveia', 'content': ': 你掉入陷阱，157反而比較直來直往。', 'score': 0}, {'user': 'sunnyyoung', 'content': ': 惡魔旅館有些圖不夠催吐 會失去水準', 'score': 0}, {'user': 'j32072', 'content': ': 我只知道每張圖我都要存下來用', 'score': 1}, {'user': 'ahw12000', 'content': ': 兩個都有問題吧 整天貼那種東西 連甲甲', 'score': 1}, {'user': 'ahw12000', 'content': ': 都比較正常', 'score': 0}, {'user': 'sunnyyoung', 'content': ': 不過惡魔旅館搭新聞這絕招很不錯', 'score': 0}, {'user': 'glacialfire', 'content': ': 拜    不要', 'score': 0}, {'user': 'omoideomoi', 'content': ': 我比較好奇哪來這麼多圖源可以貼', 'score': 0}, {'user': 'bullace', 'content': ': 滿臉橫肉', 'score': 0}, {'user': 'ckpioneer', 'content': ': ', 'score': 0}, {'user': 'JRanDer', 'content': ': 157早就被打趴了 惡旅太強', 'score': 1}, {'user': 'kimgordon', 'content': ': 惡魔就自己沒梗 只會學157 也配戰?', 'score': 1}, {'user': 'divaxxxx', 'content': ': 兩個都八卦清泉好嗎，避免肥宅過度色色', 'score': 1}, {'user': 'liuni', 'content': ': 157的海星系列真是經典的性感尤物XD', 'score': 1}, {'user': 'bornwinner', 'content': ': 八卦板血流成河', 'score': 1}, {'user': 'xxxg00w0', 'content': ': 157昨天有出現啊', 'score': 0}, {'user': 'xxxg00w0', 'content': ': 惡魔旅館越來越陰險好嗎 不是藏在新聞圖', 'score': 0}, {'user': 'liuni', 'content': ': 之前是阿姑,但超星拳婦和甜妞出浴圖太過火', 'score': 1}, {'user': 'xxxg00w0', 'content': ': 就是混進推文裡 157直來直往多了', 'score': 0}, {'user': 'gn01693664', 'content': ': 黑單看不到', 'score': 0}, {'user': 'violegrace', 'content': ': 157的標題很明確', 'score': 1}]","
如題
圖王已矣
龍王當立
157作為龍王之路的開創者
帶給八卦版耳目一新的感受
可惜中間消失了一陣
讓惡魔旅館後來居上
層出不窮的釣魚手段讓人防不勝防
簡直是在懲罰沒有看id習慣的鄉民
雖然本魯嚴重懷疑兩個根本是同一人
但畢竟能成為龍王的id只能有一個
如果兩位進行頂上戰爭
誰會贏啊？

--
",2022-05-31 10:16:05,27.51.145.17 (臺灣,18,[問卦] 157跟惡魔旅館如果進行頂上戰爭會怎樣？,https://www.ptt.cc/bbs/Gossiping/M.1653963367.A.334.html
Borges,"[{'user': 'radiodept', 'content': ': 蔡ee真的噁心', 'score': 1}, {'user': 'alex8725', 'content': ': 習近平哪有選', 'score': 0}, {'user': 'segio', 'content': ': 是不是成功的要不要叫游盈隆辦個民調', 'score': 0}]","
這個政府的思維非常厲害
唯一能夠檢驗執政成功的標準
就是選舉勝利或失敗

只要選贏:執政成功
只要選輸:執政失敗

換言之

只要一直選贏:執政超成功，百姓安居樂業，超~~級~~爽

普丁/習近平:英雄所見略同，握爪

",2022-05-31 10:14:52,36.225.7.187 (臺灣),1,Re: [新聞] 英系：陳時中不選 等同防疫失敗,https://www.ptt.cc/bbs/Gossiping/M.1653963294.A.76D.html
loser1,,"
啊埔里名泉被台灣省煙酒公賣局霸佔去用，
就變他私人的，當然要出錢回饋鄉親。

不然把泉水開放出來當公園鎮公所管理水源自由取用，
想省電就用壓桿式抽水機給民眾自己打水不就結了 ....

",2022-05-31 10:14:46,125.227.9.148 (臺灣),0,Re: [新聞] 歸剛欸！埔里酒廠要廢愛蘭甘泉惹眾怒,https://www.ptt.cc/bbs/Gossiping/M.1653963288.A.0AD.html
gigisteve,"[{'user': 'gem810611', 'content': ': 哪部', 'score': 1}, {'user': 's505015', 'content': ': 這知道的一定超過30 我是很小時吃過 好像', 'score': 1}, {'user': 's505015', 'content': ': 在新莊', 'score': 0}, {'user': 'SSglamr', 'content': ': 你那邊還來的及', 'score': -1}, {'user': 'allen0981', 'content': ': 還有大宅門…', 'score': 0}, {'user': 'asmp', 'content': ': 早期新莊地區的吃到飽，CP值不錯。', 'score': 1}, {'user': 'kaodio', 'content': ': 剩下船老二了 搬到中華路上', 'score': 0}, {'user': 'alex640107', 'content': ': 船老大在五股工業區那邊，還不錯吃', 'score': 0}, {'user': 's155260', 'content': ': 國小好像吃過', 'score': 0}, {'user': 'KiwiSoda01', 'content': ': 船老大不是收掉很久了嗎', 'score': 1}, {'user': 'sd09090', 'content': ': 新莊船老大你也知道', 'score': 1}, {'user': 'sd09090', 'content': ': 吃到飽', 'score': 0}, {'user': 'sd09090', 'content': ': 他那塊變成捷運經過', 'score': 0}, {'user': 'sd09090', 'content': ': 新莊養老乃瀧', 'score': 0}]","
各位早安，昨天夢到我在吃上閤屋跟船老大漁村，
不知道是不是晚上吃太少才餓昏頭，
船老大我小時候吃過好幾次，
印象是國中小在吃的，
高中之後就沒再吃過，
我爸說那是新莊在地有年紀的人一定回味的餐廳，
所以吃過的都是老人對吧？

--
",2022-05-31 10:12:29,49.216.83.91 (臺灣),4,[問卦] 船老大漁村？,https://www.ptt.cc/bbs/Gossiping/M.1653963151.A.7B3.html
abelppa,"[{'user': 'frommr', 'content': ': ㄅ管泥做什麼都無法改變現在惹，乖乖ㄑ旁', 'score': 0}, {'user': 'frommr', 'content': ': 邊尻尻喇', 'score': 0}, {'user': 'beeboombee', 'content': ': 一樓帥', 'score': 1}, {'user': 'preisner', 'content': ': 先記住威力彩號碼', 'score': 0}, {'user': 'greensaru', 'content': ': 肛', 'score': 0}, {'user': 'kadakada', 'content': ': 打手槍', 'score': 1}, {'user': 'kaodio', 'content': ': 先準備300萬', 'score': 0}, {'user': 'wingthink', 'content': ': 所以你的手機還可以連線到未來?', 'score': 1}, {'user': 'blueskyqoo', 'content': ': 不如先到1000年後 拿一些科技回來 讓', 'score': 0}, {'user': 'blueskyqoo', 'content': ': 大家爽一下', 'score': 0}, {'user': 'coffee112', 'content': ': 要有錢歐印台積電 跟去挖礦 哪個比較好', 'score': 1}]","
事情是這樣
昨晚頭痛欲裂難以入睡
一直到半夜總算昏昏沉沉睡覺了
早上一睜眼發現「我」站在床邊看著我
一問之下才知道我這裡現在是2021年6月1日，
當時的「我」因為我真的跟他長的一模一樣，連屁股上的7顆痣和額頭上的閃電型傷疤也
相同就相信了我說的話，

現在
請各位提點一下
除了要all in台積電之外
何時保防疫險最好？如果知道何時放推就可以叫全部親戚先去保險，幾十萬耶

所以我想在放推前2個月保險
所以開始放推是2022.3對嗎？
謝謝急線上等

首位回復者
私我你家地址或電話，我可代為傳達一句話，謝謝


--
",2022-05-31 10:12:20,223.137.95.45 (臺灣),4,[問卦] 急，回到過去了要注意什麼？,https://www.ptt.cc/bbs/Gossiping/M.1653963142.A.BAB.html
traman,"[{'user': 'greensaru', 'content': ': 這個房東沒用了', 'score': 1}, {'user': 'CMPunk', 'content': ': 純情房東俏房客', 'score': 1}, {'user': 'preisner', 'content': ': 不管怎樣,就是警察孬種不敢開單又叫朋友', 'score': 0}, {'user': 'cidcheng', 'content': ': 結果那個徐什麼的發文還比郭晚 XD', 'score': 1}, {'user': 'preisner', 'content': ': 從別的地方爆卦想黑人家', 'score': 0}, {'user': 'cidcheng', 'content': ': 所以是郭彥均夢到徐的謠言然後先寫出來', 'score': 0}, {'user': 'NinJa', 'content': ': 側翼到處燒 以為趁勝追擊 結果桶大烏龍', 'score': 0}]","
我怎麼覺得是反過來 提徐巧芯是要幫郭案解套

郭的事一出來 側翼狂咬

說什麼製造恐慌 造謠 還自己設時間線說4/5沒死人啊

最後弄到郭刪文道歉 騙神大禿驢說要辦

民眾們看不下去 在留言反撲

才改口說郭沒造謠 是一個叫徐什麼麗的轉發謠言 其實是要辦徐

郭都刪文道歉了 現在才說他沒造謠

真是側翼死全家

徐的事有這事大嗎？

有拿大事掩蓋小事的道理嗎




",2022-05-31 10:13:05,27.242.129.58 (臺灣),3,Re: [新聞] 顏若芳：藍營挺郭彥均是幫徐巧芯轉移焦,https://www.ptt.cc/bbs/Gossiping/M.1653963187.A.772.html
Win7,"[{'user': 'action426', 'content': ': 這隻母豬有萊劑', 'score': 0}, {'user': 'TT', 'content': ': 死亡之握講了不會怎樣，你講母豬等下就被送', 'score': 0}, {'user': 'GOD5566', 'content': ': 很不健康 撤查本文是否有另一隻手介入', 'score': 0}, {'user': 'beeboombee', 'content': ': 我只敢說握 母豬會吉人', 'score': 1}, {'user': 'weeklyquiz', 'content': ': 母豬是保育類動物 罵不得', 'score': 0}, {'user': 'isefer', 'content': ': 母豬母豬 夜裡哭哭....', 'score': 1}, {'user': 'eatgod002', 'content': ': 萊劑保護', 'score': 1}, {'user': 'crazydj', 'content': ': 母豬沒生小豬 不知道孩子死掉的痛', 'score': 1}, {'user': 'hankuego5566', 'content': ': 有萊劑的母豬！', 'score': 1}, {'user': 'nukuklf100', 'content': ': 小心查水錶……', 'score': 1}, {'user': 'ji394tb', 'content': ': 一個會告人 一個不會', 'score': 1}, {'user': 'gem810611', 'content': ': 當兵碰到死亡之握我還不是好好的', 'score': 1}]","
以前有個死亡之握，相傳只要被死握摸到或者握到手，此人必死無疑

現在有隻母豬很愛哭，號稱母豬哭哭

這隻母豬每哭一次，之後會死更多人

有個鬼島現在被這隻母豬哭到出生跟死亡黃金交叉

很想叫這隻母豬閉嘴，但是又怕鬼島動保法會罰錢


離題了，總之這兩大不祥之物到底哪個比較駭人？


鬼島真的好可怕




--
",2022-05-31 10:12:12,1.200.242.105 (臺灣),8,[問卦] 死亡之握V.S母豬之慟,https://www.ptt.cc/bbs/Gossiping/M.1653963134.A.4C2.html
benchin,"[{'user': 'frommr', 'content': ': 會有第二島鏈', 'score': 0}, {'user': 'wet', 'content': ': 第二島鏈防不住潛水艇 尤其是核子動力潛艇', 'score': 1}, {'user': 'bigwate', 'content': ': 防止骨牌效應最輕鬆的是不讓第一張倒下', 'score': 0}, {'user': 'allen0981', 'content': ': 澎金馬準備好了！', 'score': 1}, {'user': 'mapulcatt', 'content': ': 跟他說造謠罰300萬', 'score': 0}, {'user': 'fenix220', 'content': ':  ', 'score': -1}, {'user': 'fenix220', 'content': ': 朋友？', 'score': 0}, {'user': 'wang111283', 'content': ': 把第一張骨牌拿掉不是更安全', 'score': 0}, {'user': 'meta41110', 'content': ': 凸( ﾟдﾟ)凸不會怎樣', 'score': -1}, {'user': 'aaccbb', 'content': ': 有人會嫌防禦層多嗎？而且第二島鏈更長、', 'score': 1}, {'user': 'aaccbb', 'content': ': 陸地更少，比較難守', 'score': 0}, {'user': 'chrisjeremy', 'content': ': 台灣守不住 日韓的航道會受制於中國', 'score': 0}, {'user': 'chrisjeremy', 'content': ': 東亞的態勢會從親美轉成中立或親中', 'score': 0}, {'user': 'kauosong', 'content': ': 的確是。第一島鏈有那麼重要嗎？', 'score': 1}, {'user': 'chrisjeremy', 'content': ': 這有點像是當年全世界都有殖民地的英', 'score': 0}, {'user': 'kauosong', 'content': ': 難道沒台灣 美國就要投降了嗎？', 'score': 0}, {'user': 'heinztzeng', 'content': ': 先搞懂濱海作戰團要的條件', 'score': -1}, {'user': 'chrisjeremy', 'content': ': 國 因為丟了美國引發骨牌效應 失去世', 'score': 0}, {'user': 'chrisjeremy', 'content': ': 界霸主的地位', 'score': 0}, {'user': 'kauosong', 'content': ': 沒台灣。美國就拿中國沒辦法嗎？', 'score': 0}, {'user': 'pppan', 'content': ': 半導體高階晶片出不了貨才是重點', 'score': 1}, {'user': 'kauosong', 'content': ': 台灣人都把自己想的太重要。沒人是不可', 'score': 0}]","

就我所知美國人通常都很客套的，除非你跟他很好否則他們不太會講他們真正的想法
在我跟美國朋友介紹台灣位於第一島鏈的中樞後，他反問就算中國拿下台灣，
突破第一島鏈，美國還有第二島鏈，可以協防為什麼要出兵幫台灣，
當下根本不知道怎麼回，有沒有比較有說服力的回覆呢？

--
",2022-05-31 10:11:40,72.179.0.155 (美國),2,[問卦] 美國朋友問突破第一島鏈會怎樣,https://www.ptt.cc/bbs/Gossiping/M.1653963102.A.3A9.html
